cluster_label,Doc Frequency,Doc %,Total Statements
Salt Purification Cycle,18,100.0,134
Universal Menstruum Definition,14,77.8,15
Calcined Earth Mixing,14,77.8,29
Spirit Separation Process,14,77.8,43
Salt Sublimation Process,14,77.8,21
Retort Distillation Cycle,14,77.8,36
Spirit And Salt Storage,14,77.8,26
Celestial Earth Impregnation,12,66.7,23
Ruby Grain Observation,12,66.7,17
Philosophical Salt Theory,11,61.1,17
Extended Heating Process,11,61.1,19
Gold Dissolution Observation,11,61.1,12
Product Glass Storage,11,61.1,17
Grain Menstruum Ratio,10,55.6,19
Gold Transmutation Fusion,10,55.6,23
White Stage Heating,10,55.6,11
Salt Composition Ratio,10,55.6,17
Multiplication Reserve Strategy,10,55.6,16
Cold Water Leaching,10,55.6,13
Earth Distillation Process,9,50.0,19
Grain Preservation Step,9,50.0,13
Hermetic Sealing Step,9,50.0,12
Silver Plate Testing,8,44.4,8
Purification Repetition Cycle,8,44.4,10
Gentle Digestion Process,8,44.4,13
Gold Menstruum Mixture,7,38.9,12
Principle Recombination Step,7,38.9,11
Stone Principle Separation,7,38.9,8
Red Grain Separation,7,38.9,8
Retort Heating Process,7,38.9,11
Putrefaction Duration,7,38.9,8
Overnight Mixture Rest,7,38.9,8
Athanor Vessel Placement,7,38.9,14
Earth Division Justification,7,38.9,7
Color Progression Observation,7,38.9,13
Flask Burial Setup,7,38.9,8
Ash Bath Transition,6,33.3,11
Lye Evaporation Process,6,33.3,12
Alembic Sealing Step,6,33.3,9
Vapor Fire Putrefaction,6,33.3,7
Weight Accuracy Method,6,33.3,6
Spiritual Blessing Step,6,33.3,6
Sediment Filtration Step,6,33.3,7
Purity Standard Definition,6,33.3,6
Putrefaction Location Theory,6,33.3,8
Heat Intensity Specification,5,27.8,6
Fixation Reheating Step,5,27.8,5
Barrel Construction Preparation,5,27.8,7
Black Stage Heating,5,27.8,8
Earth Quantity Measurement,5,27.8,5
Repeated Earth Distillation,5,27.8,5
Soil Selection Criteria,5,27.8,5
Solution Transfer Step,5,27.8,5
Charge Weight Limit,5,27.8,5
Earth Waste Disposal,5,27.8,7
Deep Earth Excavation,5,27.8,5
Multiplication Mixture Prep,4,22.2,4
Salt Ball Formation,4,22.2,9
Retort Capacity Adjustment,4,22.2,4
Earth Layer Compression,4,22.2,4
Controlled Putrefaction Heat,4,22.2,7
Earth Sedimentation Observation,4,22.2,4
Color Appearance Prediction,4,22.2,5
Fourteen Day Weathering,4,22.2,7
Impurity Discard Process,4,22.2,9
Water Dissolution Cycle,4,22.2,4
Wine Spirit Extraction,4,22.2,4
Sand Stage Outcome,4,22.2,8
Sand Bath Heating,4,22.2,5
Spirit Loss Prevention,4,22.2,6
Solution Filtration Step,3,16.7,3
Sediment Separation Step,3,16.7,3
Purity Level Requirement,3,16.7,3
Process Efficiency Theory,3,16.7,3
Straw Lining Preparation,3,16.7,3
Sendivogius Attribution,3,16.7,3
Spirit Addition Dosage,3,16.7,3
Weathered Earth Storage,3,16.7,3
Virgin Earth Purification,3,16.7,3
Tincture Retention Justification,3,16.7,3
Tincture Multiplication Cycle,3,16.7,5
Ash Bath Heating,3,16.7,5
Athanor Solution Placement,3,16.7,3
Component Sublimation Step,3,16.7,5
Furnace Heating Continuation,3,16.7,3
Medicine Water Mixture,3,16.7,3
Metal Projection Method,3,16.7,3
Fermented Tincture Status,3,16.7,4
Fire Intensity Increase,3,16.7,3
Metaphysical Product Status,3,16.7,3
Meadow Excursion At Sunrise,3,16.7,3
Receiver Calibration Step,3,16.7,5
Paracelsus Reference,3,16.7,3
Powder Dosage Guide,3,16.7,3
Product Sealed Storage,3,16.7,3
Gold Water Union,3,16.7,3
Grain Multiplication Method,3,16.7,3
Gold Usage Warning,3,16.7,4
Lye Quantity Production,2,11.1,2
Menstruum Completion Confirmation,2,11.1,4
Method Continuation Note,2,11.1,2
Meadow Pit Digging,2,11.1,2
Earth Cleansing Process,2,11.1,2
Alchemical Sign Observation,2,11.1,2
Aqua Basilii Definition,2,11.1,2
Infinite Multiplication Theory,2,11.1,2
Labor Continuation Warning,2,11.1,2
Lye Cooling Transfer,2,11.1,2
Lye Crystallization Period,2,11.1,2
Luna Stage Heating,2,11.1,2
Caput Mortuum Calcination,2,11.1,2
Sand Sphere Preparation,2,11.1,4
Salt Spirit Mixing,2,11.1,4
Volatile Component Collection,2,11.1,2
Water Transformation Step,2,11.1,2
Volatile Salt Sublimation,2,11.1,2
Third Labor Completion,2,11.1,2
Stone Preservation Step,2,11.1,2
Solar Precipitation Step,2,11.1,2
Tincture Fixation Process,2,11.1,2
Transformation Potency Result,2,11.1,2
Trench Excavation And Refill,2,11.1,4
Red Earth Collection,2,11.1,2
Purity Visual Criteria,2,11.1,2
Sand Whiteness Heating,2,11.1,4
Secrecy Admonition,2,11.1,2
Salt Composition Theory,2,11.1,2
Lye Drainage Procedure,2,11.1,2
Material Acceptance Theory,2,11.1,2
Materia Tripartite Theory,2,11.1,2
Medical Efficacy Claim,2,11.1,2
Salis Mundi Preparation,2,11.1,2
Retort Filling Guidelines,2,11.1,2
Residual Spirit Processing,2,11.1,2
Process Completion Declaration,2,11.1,2
Product Grinding Step,2,11.1,3
Pre-Fermentation Medicine,2,11.1,2
Potency Scaling Theory,2,11.1,2
Preparation Completion Confirmation,2,11.1,3
Potency Ratio Claim,2,11.1,2
Philosophical Milk Theory,2,11.1,2
Optimal Atmospheric Conditions,2,11.1,4
Nitrum Celestial Origin,2,11.1,2
Dew Substitution Instruction,2,11.1,2
Earth Collection Timing,2,11.1,2
Component Weighing Step,2,11.1,3
Crucible Melting Process,2,11.1,2
Calcination Justification,2,11.1,2
Caput Mortuum Storage,2,11.1,2
Bolus Source Location,2,11.1,2
Barrel Material Loading,1,5.6,1
Color Change Heating,1,5.6,1
Bain Marie Alternative,1,5.6,1
Athanor Closure Step,1,5.6,1
Ash Removal Step,1,5.6,1
Administration Method,1,5.6,1
Ash Rectification Repetition,1,5.6,1
Blood Distillation Process,1,5.6,1
Capita Mortua Collection,1,5.6,1
Egg Lye Sealing,1,5.6,1
Fixed Luna Dissolution,1,5.6,1
Fermentation Limitation Theory,1,5.6,1
Filtration Coagulation Step,1,5.6,2
Forty Day Heating,1,5.6,1
Extended Digestion Period,1,5.6,3
Faeces Separation Step,1,5.6,1
Feces Separation Step,1,5.6,1
Element Transformation Description,1,5.6,1
Cold Storage Requirement,1,5.6,1
Child Play Comparison,1,5.6,1
Clay Earth Properties,1,5.6,1
Celestial Exposure Protection,1,5.6,2
Color Change Waiting,1,5.6,2
Curative Efficacy Claim,1,5.6,1
Dew Application Step,1,5.6,1
Mother Liquor Decantation,1,5.6,3
Method Preference Commentary,1,5.6,1
Mass Ball Formation,1,5.6,1
Medical Dosage Instruction,1,5.6,1
Materia Spirit Extraction,1,5.6,1
Materia Nostra Definition,1,5.6,1
Liquid Tincture Form,1,5.6,1
Lye Transfer Step,1,5.6,1
Impregnation Stirring Step,1,5.6,1
Lapis Definition,1,5.6,1
Infinite Repeatability Claim,1,5.6,1
Imbibition Cycle Step,1,5.6,1
Instructional Importance Note,1,5.6,1
Globe Removal Step,1,5.6,1
Gold Sulfur Oil Mix,1,5.6,1
Grain Measurement Standard,1,5.6,1
Periodic Oil Harvest,1,5.6,2
Philalete Reference,1,5.6,1
Patient Dosage Administration,1,5.6,1
Pellet Formation Step,1,5.6,1
Mother Lye Definition,1,5.6,1
Multiplication Justification,1,5.6,1
Operation Definition Step,1,5.6,1
Ore Growth Observation,1,5.6,1
Powder Vessel Transfer,1,5.6,1
Phlegm Separation Step,1,5.6,1
Post-Fermentation Classification,1,5.6,1
Quality Improvement Theory,1,5.6,1
Rectification Justification,1,5.6,1
Prima Materia Identification,1,5.6,1
Product Binding Storage,1,5.6,1
Product Morphology Description,1,5.6,1
Rosenkreuzer Historical Account,1,5.6,2
Red Stone Transformation,1,5.6,1
Religious Attribution Note,1,5.6,1
Red Soul Unification,1,5.6,1
Red Substance Classification,1,5.6,1
Residual Earth Limitation,1,5.6,1
Rectification Purpose Theory,1,5.6,1
Red Drop Receiver Change,1,5.6,1
Recipe Purpose Definition,1,5.6,1
Projection Condition Step,1,5.6,1
Quintessence Augmentation,1,5.6,1
Target Earth Properties,1,5.6,1
Second Infusion Standing,1,5.6,2
Second Extraction Justification,1,5.6,1
Secrecy Instruction Step,1,5.6,1
Sediment Formation Prediction,1,5.6,1
Vessel Transfer Step,1,5.6,1
Vessel Filling Limit,1,5.6,1
Transmutation Outcome Theory,1,5.6,1
Tincture Earth Separation,1,5.6,1
Tincture Fusion Step,1,5.6,1
Tinging Limit Warning,1,5.6,1
Tinging Potency Definition,1,5.6,1
Tinging Power Scaling,1,5.6,1
Water Temperature Preference,1,5.6,1
Waste Disposal Justification,1,5.6,1
Visual Transformation Description,1,5.6,1
Volatile Salt Prediction,1,5.6,1
Weight Necessity Explanation,1,5.6,1
Women's Work Designation,1,5.6,1
Women's Work Initiation,1,5.6,1
Work Ease Observation,1,5.6,1
